copy	genus	GCF
1	Alteromonas australica	2
1	Alteromonas macleodii	9
1	Alteromonas mediterranea	16
1	Alteromonas stellipolaris	4
1	Azotobacter chroococcum	3
1	Azotobacter vinelandii	3
1	Cellvibrio japonicus	4
1	Halomonas hydrothermalis	2
1	Halomonas meridiana	3
1	Halomonas piezotolerans	2
1	Halomonas titanicae	3
1	Halomonas venusta	3
1	Idiomarina loihiensis	2
1	Marinobacter adhaerens	2
1	Marinobacter nauticus	2
1	Marinobacter salarius	2
1	Marinomonas primoryensis	2
1	Pseudoalteromonas agarivorans	2
1	Pseudoalteromonas aliena	2
1	Pseudoalteromonas carrageenovora	3
1	Pseudoalteromonas issachenkonii	2
1	Pseudoalteromonas luteoviolacea	5
1	Pseudoalteromonas marina	2
1	Pseudoalteromonas phenolica	2
1	Pseudoalteromonas piscicida	6
1	Pseudoalteromonas rubra	3
1	Pseudoalteromonas shioyasakiensis	2
1	Pseudoalteromonas translucida	2
1	Pseudoalteromonas tunicata	2
1	Pseudomonas aeruginosa	387
1	Pseudomonas alcaligenes	3
1	Pseudomonas alkylphenolica	2
1	Pseudomonas amygdali	8
1	Pseudomonas antarctica	2
1	Pseudomonas arsenicoxydans	1
1	Pseudomonas asiatica	2
1	Pseudomonas azotoformans	2
1	Pseudomonas balearica	3
1	Pseudomonas cannabina	2
1	Pseudomonas cerasi	2
1	Pseudomonas cichorii	3
1	Pseudomonas citronellolis	2
1	Pseudomonas congelans	2
1	Pseudomonas coronafaciens	3
1	Pseudomonas entomophila	3
1	Pseudomonas fluorescens	17
1	Pseudomonas fragi	6
1	Pseudomonas frederiksbergensis	3
1	Pseudomonas fulva	4
1	Pseudomonas juntendi	2
1	Pseudomonas knackmussii	2
1	Pseudomonas lalkuanensis	2
1	Pseudomonas libanensis	2
1	Pseudomonas lundensis	4
1	Pseudomonas lurida	1
1	Pseudomonas mendocina	7
1	Pseudomonas monteilii	9
1	Pseudomonas mosselii	3
1	Pseudomonas mucidolens	2
1	Pseudomonas orientalis	6
1	Pseudomonas oryzihabitans	3
1	Pseudomonas otitidis	3
1	Pseudomonas parafulva	3
1	Pseudomonas plecoglossicida	3
1	Pseudomonas poae	3
1	Pseudomonas psychrophila	2
1	Pseudomonas psychrotolerans	3
1	Pseudomonas putida	47
1	Pseudomonas rhodesiae	3
1	Pseudomonas savastanoi	5
1	Pseudomonas simiae	4
1	Pseudomonas stutzeri	30
1	Pseudomonas synxantha	5
1	Pseudomonas syringae	40
1	Pseudomonas taetrolens	2
1	Pseudomonas tolaasii	2
1	Pseudomonas trivialis	2
1	Pseudomonas veronii	4
1	Pseudomonas viridiflava	7
1	Pseudomonas yamanorum	3
1	Shewanella algae	22
1	Shewanella baltica	11
1	Shewanella cyperi	2
1	Shewanella decolorationis	2
1	Shewanella marisflavi	2
1	Shewanella oneidensis	2
1	Shewanella putrefaciens	9
1	Shigella flexneri	1
1	Thalassolituus oleivorans	3
1	Thiopseudomonas alkaliphila	7
