copy	genus	GCF
2	Acinetobacter baumannii	301
1	Acinetobacter baumannii	2
1	Acinetobacter haemolyticus	1
1	Acinetobacter lwoffii	1
1	Acinetobacter pittii	1
1	Alteromonas australica	1
1	Caulobacter vibrioides	1
1	Escherichia coli	2
1	Klebsiella pneumoniae	1
1	Marinobacter adhaerens	2
1	Marinobacter nauticus	2
1	Marinomonas primoryensis	2
1	Pseudoalteromonas agarivorans	2
1	Pseudoalteromonas aliena	2
1	Pseudoalteromonas carrageenovora	3
1	Pseudoalteromonas issachenkonii	2
1	Pseudoalteromonas luteoviolacea	5
1	Pseudoalteromonas marina	1
1	Pseudoalteromonas phenolica	2
1	Pseudoalteromonas piscicida	6
1	Pseudoalteromonas rubra	3
1	Pseudoalteromonas shioyasakiensis	1
1	Pseudoalteromonas translucida	2
1	Pseudoalteromonas tunicata	2
1	Pseudomonas chlororaphis	2
1	Pseudomonas lundensis	1
1	Pseudomonas monteilii	1
1	Pseudomonas synxantha	2
1	Pseudomonas syringae	1
1	Thalassolituus oleivorans	3
1	Thiopseudomonas alkaliphila	7
2	Acinetobacter bereziniae	3
2	Acinetobacter calcoaceticus	5
2	Acinetobacter guillouiae	2
2	Acinetobacter haemolyticus	13
2	Acinetobacter indicus	19
2	Acinetobacter johnsonii	19
2	Acinetobacter junii	9
2	Acinetobacter lactucae	2
2	Acinetobacter lwoffii	10
2	Acinetobacter nosocomialis	11
2	Acinetobacter pittii	31
2	Acinetobacter radioresistens	5
2	Acinetobacter schindleri	6
2	Acinetobacter seifertii	25
2	Acinetobacter soli	2
2	Acinetobacter towneri	6
2	Acinetobacter ursingii	3
2	Acinetobacter variabilis	4
2	Acinetobacter wuhouensis	2
2	Alteromonas australica	1
2	Alteromonas macleodii	9
2	Alteromonas mediterranea	16
2	Alteromonas stellipolaris	4
2	Azotobacter chroococcum	3
2	Azotobacter vinelandii	3
2	Cellvibrio japonicus	4
2	Coxiella burnetii	1
2	Halomonas hydrothermalis	2
2	Halomonas meridiana	3
2	Halomonas piezotolerans	2
2	Halomonas titanicae	3
2	Halomonas venusta	3
2	Idiomarina loihiensis	2
2	Marinobacter salarius	2
2	Moraxella bovoculi	7
2	Moraxella catarrhalis	16
2	Moraxella nonliquefaciens	2
2	Moraxella osloensis	10
2	Pseudomonas alcaligenes	3
2	Pseudomonas alkylphenolica	2
2	Pseudomonas amygdali	7
2	Pseudomonas antarctica	2
2	Pseudomonas arsenicoxydans	2
2	Pseudomonas asiatica	2
2	Pseudomonas atacamensis	2
2	Pseudomonas azotoformans	4
2	Pseudomonas balearica	3
2	Pseudomonas brassicacearum	8
2	Pseudomonas cerasi	2
2	Pseudomonas chlororaphis	57
2	Pseudomonas cichorii	3
2	Pseudomonas congelans	2
2	Pseudomonas coronafaciens	1
2	Pseudomonas corrugata	3
2	Pseudomonas entomophila	3
2	Pseudomonas fluorescens	38
2	Pseudomonas fragi	6
2	Pseudomonas frederiksbergensis	3
2	Pseudomonas fulva	4
2	Pseudomonas granadensis	2
2	Pseudomonas juntendi	2
2	Pseudomonas koreensis	3
2	Pseudomonas kribbensis	2
2	Pseudomonas libanensis	2
2	Pseudomonas lundensis	3
2	Pseudomonas lurida	2
2	Pseudomonas mandelii	3
2	Pseudomonas mediterranea	2
2	Pseudomonas mendocina	7
2	Pseudomonas monteilii	8
2	Pseudomonas moraviensis	2
2	Pseudomonas mosselii	3
2	Pseudomonas mucidolens	2
2	Pseudomonas ogarae	2
2	Pseudomonas orientalis	6
2	Pseudomonas oryzihabitans	3
2	Pseudomonas otitidis	3
2	Pseudomonas parafulva	3
2	Pseudomonas plecoglossicida	3
2	Pseudomonas poae	3
2	Pseudomonas protegens	23
2	Pseudomonas psychrophila	2
2	Pseudomonas psychrotolerans	3
2	Pseudomonas putida	47
2	Pseudomonas rhodesiae	4
2	Pseudomonas savastanoi	2
2	Pseudomonas sessilinigenes	2
2	Pseudomonas simiae	4
2	Pseudomonas stutzeri	30
2	Pseudomonas synxantha	9
2	Pseudomonas syringae	37
2	Pseudomonas taetrolens	2
2	Pseudomonas thivervalensis	3
2	Pseudomonas tolaasii	2
2	Pseudomonas trivialis	2
2	Pseudomonas umsongensis	3
2	Pseudomonas veronii	4
2	Pseudomonas viridiflava	7
2	Pseudomonas yamanorum	3
2	Psychrobacter cryohalolentis	2
2	Shewanella baltica	2
2	Shewanella oneidensis	2
2	Shewanella putrefaciens	6
3	Pseudomonas aeruginosa	3
3	Pseudomonas amygdali	1
3	Pseudomonas cannabina	2
3	Pseudomonas coronafaciens	2
3	Pseudomonas lalkuanensis	2
3	Pseudomonas savastanoi	3
3	Pseudomonas syringae	2
3	Shewanella algae	22
3	Shewanella baltica	9
3	Shewanella cyperi	2
3	Shewanella decolorationis	2
3	Shewanella marisflavi	2
3	Shewanella putrefaciens	3
4	Pseudomonas aeruginosa	385
4	Pseudomonas citronellolis	2
4	Pseudomonas knackmussii	2
