copy	genus	GCF
1	Acinetobacter baumannii	303
1	Acinetobacter bereziniae	3
1	Acinetobacter calcoaceticus	5
1	Acinetobacter guillouiae	2
1	Acinetobacter haemolyticus	14
1	Acinetobacter indicus	19
1	Acinetobacter johnsonii	18
1	Acinetobacter junii	9
1	Acinetobacter lactucae	2
1	Acinetobacter lwoffii	10
1	Acinetobacter nosocomialis	11
1	Acinetobacter pittii	32
1	Acinetobacter radioresistens	5
1	Acinetobacter schindleri	6
1	Acinetobacter seifertii	25
1	Acinetobacter soli	2
1	Acinetobacter towneri	6
1	Acinetobacter variabilis	3
1	Acinetobacter wuhouensis	2
1	Alteromonas australica	1
1	Alteromonas macleodii	9
1	Alteromonas mediterranea	16
1	Azotobacter chroococcum	3
1	Azotobacter vinelandii	3
1	Caulobacter vibrioides	1
1	Escherichia coli	2
1	Halomonas hydrothermalis	1
1	Halomonas meridiana	3
1	Halomonas piezotolerans	2
1	Halomonas titanicae	3
1	Klebsiella pneumoniae	1
1	Marinomonas primoryensis	2
1	Moraxella osloensis	4
1	Pseudoalteromonas agarivorans	2
1	Pseudoalteromonas carrageenovora	3
1	Pseudoalteromonas marina	1
1	Pseudomonas aeruginosa	1
1	Pseudomonas amygdali	1
1	Pseudomonas congelans	1
1	Pseudomonas fluorescens	1
1	Pseudomonas fragi	1
1	Pseudomonas fulva	1
1	Pseudomonas knackmussii	1
1	Pseudomonas lundensis	4
1	Pseudomonas mediterranea	1
1	Pseudomonas monteilii	1
1	Pseudomonas oryzihabitans	3
1	Pseudomonas psychrotolerans	1
1	Pseudomonas putida	1
1	Pseudomonas simiae	1
1	Pseudomonas taetrolens	2
2	Acinetobacter ursingii	3
2	Acinetobacter variabilis	1
2	Alteromonas australica	1
2	Alteromonas stellipolaris	4
2	Cellvibrio japonicus	4
2	Halomonas hydrothermalis	1
2	Halomonas venusta	3
2	Marinobacter salarius	2
2	Pseudomonas aeruginosa	3
2	Pseudomonas alkylphenolica	2
2	Pseudomonas amygdali	7
2	Pseudomonas antarctica	2
2	Pseudomonas arsenicoxydans	2
2	Pseudomonas asiatica	2
2	Pseudomonas atacamensis	2
2	Pseudomonas azotoformans	4
2	Pseudomonas balearica	3
2	Pseudomonas brassicacearum	8
2	Pseudomonas cannabina	2
2	Pseudomonas cerasi	2
2	Pseudomonas chlororaphis	59
2	Pseudomonas cichorii	3
2	Pseudomonas citronellolis	2
2	Pseudomonas congelans	1
2	Pseudomonas coronafaciens	3
2	Pseudomonas corrugata	3
2	Pseudomonas entomophila	3
2	Pseudomonas fluorescens	37
2	Pseudomonas fragi	4
2	Pseudomonas frederiksbergensis	3
2	Pseudomonas fulva	3
2	Pseudomonas granadensis	2
2	Pseudomonas juntendi	2
2	Pseudomonas knackmussii	1
2	Pseudomonas koreensis	3
2	Pseudomonas kribbensis	2
2	Pseudomonas lalkuanensis	2
2	Pseudomonas libanensis	2
2	Pseudomonas lurida	2
2	Pseudomonas mandelii	3
2	Pseudomonas mediterranea	1
2	Pseudomonas mendocina	7
2	Pseudomonas monteilii	8
2	Pseudomonas moraviensis	2
2	Pseudomonas mosselii	3
2	Pseudomonas mucidolens	2
2	Pseudomonas ogarae	2
2	Pseudomonas orientalis	6
2	Pseudomonas otitidis	3
2	Pseudomonas parafulva	3
2	Pseudomonas plecoglossicida	3
2	Pseudomonas poae	3
2	Pseudomonas protegens	23
2	Pseudomonas psychrophila	2
2	Pseudomonas psychrotolerans	2
2	Pseudomonas putida	45
2	Pseudomonas rhodesiae	4
2	Pseudomonas savastanoi	5
2	Pseudomonas sessilinigenes	2
2	Pseudomonas simiae	3
2	Pseudomonas stutzeri	30
2	Pseudomonas synxantha	11
2	Pseudomonas syringae	40
2	Pseudomonas thivervalensis	3
2	Pseudomonas tolaasii	2
2	Pseudomonas trivialis	2
2	Pseudomonas umsongensis	3
2	Pseudomonas veronii	4
2	Pseudomonas viridiflava	7
2	Pseudomonas yamanorum	3
2	Psychrobacter cryohalolentis	2
2	Thalassolituus oleivorans	3
3	Pseudomonas aeruginosa	385
3	Pseudomonas putida	1
