I_loi_GSL_199_GCF_000401175_1_WP_011234680	Idiomarina loihiensis	VOC family protein	WP_011234680.1	I_loi_GSL_199_GCF_000401175_1
I_loi_L2TR_GCF_000008465_1_WP_011234680	Idiomarina loihiensis	VOC family protein	WP_011234680.1	I_loi_L2TR_GCF_000008465_1
Marinob_adh_GCF_018972165_1_WP_041645131	Marinobacter adhaerens	VOC family protein	WP_041645131.1	Marinob_adh_GCF_018972165_1
Marinob_adh_HP15_GCF_000166295_1_WP_041645131	Marinobacter adhaerens	VOC family protein	WP_041645131.1	Marinob_adh_HP15_GCF_000166295_1
Marinob_nau_ATCC_49840_GCF_000284615_1_WP_014422008	Marinobacter nauticus	VOC family protein	WP_014422008.1	Marinob_nau_ATCC_49840_GCF_000284615_1
Marinob_nau_VT8_GCF_000015365_1_WP_011786019	Marinobacter nauticus	VOC family protein	WP_011786019.1	Marinob_nau_VT8_GCF_000015365_1
Marinob_sal_GCF_002116735_1_WP_085681325	Marinobacter salarius	VOC family protein	WP_085681325.1	Marinob_sal_GCF_002116735_1
Marinob_sal_GCF_003986605_1_WP_075194510	Marinobacter salarius	VOC family protein	WP_075194510.1	Marinob_sal_GCF_003986605_1
Marinom_pri_GCF_003285205_1_WP_112139218	Marinomonas primoryensis	VOC family protein	WP_112139218.1	Marinom_pri_GCF_003285205_1
Marinom_pri_GCF_013372285_1_WP_112139218	Marinomonas primoryensis	VOC family protein	WP_112139218.1	Marinom_pri_GCF_013372285_1
Pseudoa_lut_DSM_6061_GCF_014925325_1_WP_063364535	Pseudoalteromonas luteoviolacea	VOC family protein	WP_063364535.1	Pseudoa_lut_DSM_6061_GCF_014925325_1
Pseudoa_lut_GCF_001750165_1_WP_046356850	Pseudoalteromonas luteoviolacea	VOC family protein	WP_046356850.1	Pseudoa_lut_GCF_001750165_1
Pseudoa_lut_GCF_001750185_1_WP_046356850	Pseudoalteromonas luteoviolacea	VOC family protein	WP_046356850.1	Pseudoa_lut_GCF_001750185_1
Pseudoa_lut_GCF_001750405_1_WP_046356850	Pseudoalteromonas luteoviolacea	VOC family protein	WP_046356850.1	Pseudoa_lut_GCF_001750405_1
Pseudoa_lut_GCF_006704145_1_WP_142052533	Pseudoalteromonas luteoviolacea	VOC family protein	WP_142052533.1	Pseudoa_lut_GCF_006704145_1
Pseudoa_pis_GCF_000238315_3_WP_010377984	Pseudoalteromonas piscicida	VOC family protein	WP_010377984.1	Pseudoa_pis_GCF_000238315_3
Pseudoa_pis_GCF_000238315_3_WP_010368517	Pseudoalteromonas piscicida	VOC family protein	WP_010368517.1	Pseudoa_pis_GCF_000238315_3
Pseudoa_pis_GCF_002208135_1_WP_088530875	Pseudoalteromonas piscicida	VOC family protein	WP_088530875.1	Pseudoa_pis_GCF_002208135_1
Pseudoa_pis_GCF_002208135_1_WP_088531570	Pseudoalteromonas piscicida	VOC family protein	WP_088531570.1	Pseudoa_pis_GCF_002208135_1
Pseudoa_pis_GCF_003429305_1_WP_088530875	Pseudoalteromonas piscicida	VOC family protein	WP_088530875.1	Pseudoa_pis_GCF_003429305_1
Pseudoa_pis_GCF_003429305_1_WP_119231908	Pseudoalteromonas piscicida	VOC family protein	WP_119231908.1	Pseudoa_pis_GCF_003429305_1
Pseudoa_pis_GCF_003429325_1_WP_088530875	Pseudoalteromonas piscicida	VOC family protein	WP_088530875.1	Pseudoa_pis_GCF_003429325_1
Pseudoa_pis_GCF_003429325_1_WP_088531570	Pseudoalteromonas piscicida	VOC family protein	WP_088531570.1	Pseudoa_pis_GCF_003429325_1
Pseudoa_pis_GCF_019797925_1_WP_039495524	Pseudoalteromonas piscicida	VOC family protein	WP_039495524.1	Pseudoa_pis_GCF_019797925_1
Pseudoa_pis_GCF_019797925_1_WP_222242423	Pseudoalteromonas piscicida	VOC family protein	WP_222242423.1	Pseudoa_pis_GCF_019797925_1
Pseudoa_pis_GCF_020623585_1_WP_010604034	Pseudoalteromonas piscicida	VOC family protein	WP_010604034.1	Pseudoa_pis_GCF_020623585_1
Pseudoa_pis_GCF_020623585_1_WP_174170381	Pseudoalteromonas piscicida	VOC family protein	WP_174170381.1	Pseudoa_pis_GCF_020623585_1
Pseudoa_rub_GCF_000238295_3_WP_010384807	Pseudoalteromonas rubra	VOC family protein	WP_010384807.1	Pseudoa_rub_GCF_000238295_3
Pseudoa_rub_GCF_000238295_3_WP_010383511	Pseudoalteromonas rubra	VOC family protein	WP_010383511.1	Pseudoa_rub_GCF_000238295_3
Pseudoa_rub_GCF_001482385_1_WP_058795281	Pseudoalteromonas rubra	VOC family protein	WP_058795281.1	Pseudoa_rub_GCF_001482385_1
Pseudoa_rub_GCF_001482385_1_WP_058796418	Pseudoalteromonas rubra	VOC family protein	WP_058796418.1	Pseudoa_rub_GCF_001482385_1
Pseudoa_rub_GCF_005886805_2_WP_138538308	Pseudoalteromonas rubra	VOC family protein	WP_138538308.1	Pseudoa_rub_GCF_005886805_2
Pseudoa_rub_GCF_005886805_2_WP_138539325	Pseudoalteromonas rubra	VOC family protein	WP_138539325.1	Pseudoa_rub_GCF_005886805_2
Pseudom_alc_GCF_001597285_1_WP_061905084	Pseudomonas alcaligenes	VOC family protein	WP_061905084.1	Pseudom_alc_GCF_001597285_1
Pseudom_alc_GCF_016861485_1_WP_203791573	Pseudomonas alcaligenes	VOC family protein	WP_203791573.1	Pseudom_alc_GCF_016861485_1
Pseudom_alc_GCF_021654315_1_WP_237044117	Pseudomonas alcaligenes	VOC family protein	WP_237044117.1	Pseudom_alc_GCF_021654315_1
Pseudom_oti_GCF_011397855_1_WP_044407547	Pseudomonas otitidis	VOC family protein	WP_044407547.1	Pseudom_oti_GCF_011397855_1
Pseudom_oti_GCF_014161995_1_WP_107329440	Pseudomonas otitidis	VOC family protein	WP_107329440.1	Pseudom_oti_GCF_014161995_1
Pseudom_oti_GCF_019879085_1_WP_107329440	Pseudomonas otitidis	VOC family protein	WP_107329440.1	Pseudom_oti_GCF_019879085_1
Pseudom_puti_GCF_002356095_1_WP_016486880	Pseudomonas putida	VOC family protein	WP_016486880.1	Pseudom_puti_GCF_002356095_1
Pseudom_puti_GCF_005080685_1_WP_136914592	Pseudomonas putida	VOC family protein	WP_136914592.1	Pseudom_puti_GCF_005080685_1
Pseudom_puti_GCF_007833495_1_WP_016486880	Pseudomonas putida	VOC family protein	WP_016486880.1	Pseudom_puti_GCF_007833495_1
Pseudom_puti_GCF_014764425_1_WP_016486880	Pseudomonas putida	VOC family protein	WP_016486880.1	Pseudom_puti_GCF_014764425_1
Pseudom_puti_H8234_GCF_000410575_1_WP_016486880	Pseudomonas putida	VOC family protein	WP_016486880.1	Pseudom_puti_H8234_GCF_000410575_1
Pseudom_puti_H8234_GCF_000410575_1_WP_009681577	Pseudomonas putida	VOC family protein	WP_009681577.1	Pseudom_puti_H8234_GCF_000410575_1
Pseudom_puti_S13_1_2_GCF_000498395_2_WP_019470832	Pseudomonas putida	VOC family protein	WP_019470832.1	Pseudom_puti_S13_1_2_GCF_000498395_2
