I_loi_GSL_199_GCF_000401175_1	Idiomarina loihiensis	1
I_loi_L2TR_GCF_000008465_1	Idiomarina loihiensis	1
Marinob_adh_GCF_018972165_1	Marinobacter adhaerens	1
Marinob_adh_HP15_GCF_000166295_1	Marinobacter adhaerens	1
Marinob_nau_ATCC_49840_GCF_000284615_1	Marinobacter nauticus	1
Marinob_nau_VT8_GCF_000015365_1	Marinobacter nauticus	1
Marinob_sal_GCF_002116735_1	Marinobacter salarius	1
Marinob_sal_GCF_003986605_1	Marinobacter salarius	1
Marinom_pri_GCF_003285205_1	Marinomonas primoryensis	1
Marinom_pri_GCF_013372285_1	Marinomonas primoryensis	1
Pseudoa_lut_DSM_6061_GCF_014925325_1	Pseudoalteromonas luteoviolacea	1
Pseudoa_lut_GCF_001750165_1	Pseudoalteromonas luteoviolacea	1
Pseudoa_lut_GCF_001750185_1	Pseudoalteromonas luteoviolacea	1
Pseudoa_lut_GCF_001750405_1	Pseudoalteromonas luteoviolacea	1
Pseudoa_lut_GCF_006704145_1	Pseudoalteromonas luteoviolacea	1
Pseudom_alc_GCF_001597285_1	Pseudomonas alcaligenes	1
Pseudom_alc_GCF_016861485_1	Pseudomonas alcaligenes	1
Pseudom_alc_GCF_021654315_1	Pseudomonas alcaligenes	1
Pseudom_oti_GCF_011397855_1	Pseudomonas otitidis	1
Pseudom_oti_GCF_014161995_1	Pseudomonas otitidis	1
Pseudom_oti_GCF_019879085_1	Pseudomonas otitidis	1
Pseudom_puti_GCF_002356095_1	Pseudomonas putida	1
Pseudom_puti_GCF_005080685_1	Pseudomonas putida	1
Pseudom_puti_GCF_007833495_1	Pseudomonas putida	1
Pseudom_puti_GCF_014764425_1	Pseudomonas putida	1
Pseudom_puti_S13_1_2_GCF_000498395_2	Pseudomonas putida	1
Pseudoa_pis_GCF_000238315_3	Pseudoalteromonas piscicida	2
Pseudoa_pis_GCF_002208135_1	Pseudoalteromonas piscicida	2
Pseudoa_pis_GCF_003429305_1	Pseudoalteromonas piscicida	2
Pseudoa_pis_GCF_003429325_1	Pseudoalteromonas piscicida	2
Pseudoa_pis_GCF_019797925_1	Pseudoalteromonas piscicida	2
Pseudoa_pis_GCF_020623585_1	Pseudoalteromonas piscicida	2
Pseudoa_rub_GCF_000238295_3	Pseudoalteromonas rubra	2
Pseudoa_rub_GCF_001482385_1	Pseudoalteromonas rubra	2
Pseudoa_rub_GCF_005886805_2	Pseudoalteromonas rubra	2
Pseudom_puti_H8234_GCF_000410575_1	Pseudomonas putida	2
