copy	genus	GCF
1	Acinetobacter baumannii	294
1	Acinetobacter bereziniae	3
1	Acinetobacter calcoaceticus	5
1	Acinetobacter guillouiae	2
1	Acinetobacter haemolyticus	14
1	Acinetobacter indicus	19
1	Acinetobacter johnsonii	19
1	Acinetobacter junii	9
1	Acinetobacter lactucae	2
1	Acinetobacter lwoffii	10
1	Acinetobacter nosocomialis	11
1	Acinetobacter pittii	31
1	Acinetobacter radioresistens	5
1	Acinetobacter schindleri	6
1	Acinetobacter seifertii	25
1	Acinetobacter soli	2
1	Acinetobacter towneri	6
1	Acinetobacter ursingii	3
1	Acinetobacter variabilis	4
1	Acinetobacter wuhouensis	2
1	Alteromonas australica	2
1	Alteromonas macleodii	9
1	Alteromonas mediterranea	16
1	Alteromonas stellipolaris	4
1	Azotobacter chroococcum	3
1	Azotobacter vinelandii	3
1	Campylobacter jejuni	1
1	Cellvibrio japonicus	4
1	Chlamydia trachomatis	1
1	Coxiella burnetii	1
1	Escherichia coli	1
1	Halomonas hydrothermalis	2
1	Halomonas meridiana	3
1	Halomonas piezotolerans	2
1	Halomonas titanicae	3
1	Idiomarina loihiensis	2
1	Marinobacter adhaerens	1
1	Marinobacter nauticus	2
1	Marinobacter salarius	2
1	Marinomonas primoryensis	2
1	Moraxella bovoculi	7
1	Moraxella catarrhalis	16
1	Moraxella nonliquefaciens	2
1	Moraxella osloensis	10
1	Mycobacterium tuberculosis	1
1	Pseudoalteromonas agarivorans	2
1	Pseudoalteromonas aliena	2
1	Pseudoalteromonas carrageenovora	3
1	Pseudoalteromonas issachenkonii	2
1	Pseudoalteromonas luteoviolacea	5
1	Pseudoalteromonas marina	2
1	Pseudoalteromonas phenolica	2
1	Pseudoalteromonas piscicida	6
1	Pseudoalteromonas rubra	3
1	Pseudoalteromonas shioyasakiensis	2
1	Pseudoalteromonas tunicata	2
1	Pseudomonas aeruginosa	11
1	Pseudomonas alcaligenes	3
1	Pseudomonas alkylphenolica	2
1	Pseudomonas amygdali	8
1	Pseudomonas antarctica	2
1	Pseudomonas arsenicoxydans	2
1	Pseudomonas asiatica	2
1	Pseudomonas atacamensis	2
1	Pseudomonas azotoformans	4
1	Pseudomonas balearica	3
1	Pseudomonas brassicacearum	8
1	Pseudomonas cannabina	2
1	Pseudomonas cerasi	2
1	Pseudomonas chlororaphis	59
1	Pseudomonas cichorii	3
1	Pseudomonas citronellolis	2
1	Pseudomonas congelans	2
1	Pseudomonas coronafaciens	3
1	Pseudomonas corrugata	3
1	Pseudomonas entomophila	3
1	Pseudomonas fluorescens	38
1	Pseudomonas fragi	6
1	Pseudomonas frederiksbergensis	3
1	Pseudomonas fulva	4
1	Pseudomonas granadensis	2
1	Pseudomonas juntendi	2
1	Pseudomonas knackmussii	2
1	Pseudomonas koreensis	3
1	Pseudomonas kribbensis	2
1	Pseudomonas lalkuanensis	2
1	Pseudomonas libanensis	2
1	Pseudomonas lundensis	4
1	Pseudomonas lurida	2
1	Pseudomonas mandelii	3
1	Pseudomonas mediterranea	2
1	Pseudomonas mendocina	7
1	Pseudomonas monteilii	9
1	Pseudomonas moraviensis	2
1	Pseudomonas mosselii	3
1	Pseudomonas mucidolens	2
1	Pseudomonas ogarae	2
1	Pseudomonas orientalis	6
1	Pseudomonas parafulva	3
1	Pseudomonas plecoglossicida	3
1	Pseudomonas poae	3
1	Pseudomonas protegens	22
1	Pseudomonas psychrophila	2
1	Pseudomonas psychrotolerans	1
1	Pseudomonas putida	47
1	Pseudomonas rhodesiae	4
1	Pseudomonas savastanoi	5
1	Pseudomonas sessilinigenes	2
1	Pseudomonas simiae	4
1	Pseudomonas stutzeri	30
1	Pseudomonas synxantha	11
1	Pseudomonas syringae	40
1	Pseudomonas taetrolens	2
1	Pseudomonas thivervalensis	3
1	Pseudomonas tolaasii	2
1	Pseudomonas trivialis	2
1	Pseudomonas umsongensis	3
1	Pseudomonas veronii	4
1	Pseudomonas viridiflava	7
1	Pseudomonas yamanorum	3
1	Psychrobacter cryohalolentis	2
1	Salmonella enterica	1
1	Shewanella algae	22
1	Shewanella baltica	11
1	Shewanella cyperi	2
1	Shewanella decolorationis	2
1	Shewanella marisflavi	2
1	Shewanella oneidensis	2
1	Shewanella putrefaciens	9
1	Thalassolituus oleivorans	3
1	Thiopseudomonas alkaliphila	7
2	Acinetobacter baumannii	9
2	Halomonas venusta	3
2	Pseudoalteromonas translucida	2
2	Pseudomonas aeruginosa	377
2	Pseudomonas oryzihabitans	3
2	Pseudomonas otitidis	3
2	Pseudomonas protegens	1
2	Pseudomonas psychrotolerans	2
